jobcode	jobtitle
103170	directeur(-trice) - arrondissement
711840	agent(e) de distribution-equipements municipaux
720980	analyste en droit - contentieux
763810	aide-bibliothecaire
706510	agent(e) de liaison - organismes culturels, sportifs et de developpement social
700840	assistant(e)-intervention loisirs
720970	responsable technique - production
345510	agent(e) de gestion des ressources financieres
712720	agent(e) - verification des donnees policieres
763010	prepose(e) a l animation
209840	chef(fe) de division - relations avec les citoyens et communications (arrondissement)
220640	chef(fe) de section - conseil et soutien financiers
345240	agent(e) de gestion des ressources financieres   materielles
713320	prepose(e) a l approvisionnement - cum
755420	coordonnateur(-trice) d activites en loisirs scientifiques
211470	conseiller(-ere) principal(e) (specialite)
218650	chef(fe) de section - marquage sur la chaussee et signalisation ecrite
218980	planificateur(-trice)-entretien eau
611490	electricien(ne) industriel(le)
782330	agent(e) technique en charpente   structure
216380	chef(fe) de section - usine atwater et installations connexes
401550	chargé(e) d expertise et de pratique - conseil
400040	notaire
215350	chef(fe) de section - prevention incendie
722000	coordonnateur(-trice) centre communication avec clientele
706870	instructeur(-trice) de tennis - cours de groupe - anjou
607910	palefrenier(-iere)
601830	frigoriste - tuyauteur(-euse)
400580	conseiller(-ere) à l ombudsman
219300	c/s centre d histoire de montreal
715020	enqueteur(-teuse) - pierrefonds
607840	mecanicien(ne) de machines fixes - 1ere classe
223740	chef(fe) de section - planification et grands projets
103670	directeur(-trice) - production de l  eau potable
210920	chef(fe) de division - ingenierie et infrastructures (arr. pierreonds/roxboro)
601320	tuyauteur(-euse)
792410	prepose(e) au controle des dossiers
400810	profil - 400790 - securite
217880	c/m entretien - voirie et parc
704570	assistant(e) surveillant(e) sauveteur(-euse) 2 sac - ete - verdun
900300	etudiant(e) programme gouvernemental - universitaire
210050	chef(fe) de division - planification urbaine
220240	chef(fe) de section - recherche de talents et dotation
306210	conseiller(-ere) aux affaires internationales
106670	directeur(-trice) - securite de l information
106590	directeur(-trice) arrondissement adjoint(e)-qualité de vie
216100	chef(fe) de section - prelevements
105460	directeur des affaires institutionnelles
701740	assistant-inspecteur en construction - lach
705580	technicien(ne) en electricite - verdun
761350	enqueteur(-euse) en matiere frauduleuse
216650	assistant surintendant - adm. plan d affaires
709650	sauveteur(-euse)-chef(fe) - piscines exterieures - montreal-nord
222870	chef(fe) de division - ingenierie et strategies d investissements
220860	chef(fe) de section - gouvernance developpement
346440	charge(e) du financement
723430	agent(e) technique en securite aquatique
105560	directeur(-trice)-amenag urb serv entr (ile biz/outremont))
601810	horticulteur(-trice) chauffeur(-euse)
721710	inspecteur(-trice) principal(e) - bureau du taxi
222860	chef(fe) de section - ateliers specialises (mra)
721900	programme liaison emploi - collégial
207190	chef(fe) de division - information policiere
705370	responsable caissier(-iere) auditorium - verdun
715730	technicien(ne) juridique principal(e) - cum
214450	chef(fe) de division - informatique en arrondissement
105440	directeur(-trice) de service - affaires juridiques et avocat(e) en chef
401280	profil 1 -401270-
219570	chef(fe) de division - bureau de projets d amenagement des grands parcs
215380	chef(fe) de section - exploitation aqueduc et egout (arr. st-laurent)
212200	contremaitre(-tresse) - batiment et metiers (mtln)
221580	chef(fe) de division - portefeuille, pratiques et services ti
106260	directeur(-trice) - gestion des actifs immobiliers
105890	directeur(-trice) de service-performance organisationnelle
712220	agent technique a l urbanisme - stle
222030	chef(fe) de division - gestion des impacts et maintien de la circulation
223720	chef(fe) de section - informations financieres
607720	chauffeur(-euse) de service
222070	chef(fe) de division - mobilite et occupation domaine public - ville-marie
209780	c/d rel. cit. ? com. arr. < 60000
213780	contremaitre(-tresse) - atelier mécanique (service/spvm)
720710	coordonnateur(-trice) - activites photographiques
707100	responsable tennis - anjou
401080	profil - 401000 - solutions d affaires
401430	profil-304360-multiplateformes
106170	directeur(-trice) - centre de prevention a la radicalisation menant a la violence
220370	conseiller(ere)- relations de travail
220960	chef de division - communications spvm
711580	specialiste - gymnastique v - st-laurent
105990	directeur(-trice) - bureau des relations gouvernementales et municipales
102250	directeur(-trice) - evaluation fonciere et evaluateur(-trice) de la ville
106230	directeur(-trice) - transactions immobilieres
211310	agent(e) conseil en ressources humaines
705340	agent(e) de projets, promotions et evenements speciaux
723410	agent(e) de controle et d administration de la paie et des avantages sociaux
713820	agent(e) de distribution - equipements motorises
753810	surveillant(e) de travaux de genie civil - eaux   egouts
720720	prepose(e) a l inf. policiere-surveillance electronique
402860	conseiller(-ere) en amenagement
782940	charge(e) principal(e) de subvention   de renovation
721290	etudiant(e) col blanc - dec general
401000	charge(e) d expertise et de pratique_principal(e)
724810	secretaire medical(e)
711870	agent(e) technique - soutien technique et reglementation
900660	stagiaire professionnel 1 a 59 credits
217520	conseiller en prévention (service de l eau)
401300	administrateur(-trice) principal(e) - infrastructures, plateforme et stockage
715620	agent(e) de location de locaux
721740	agent(e) de liaison - info travaux
742320	agent(e) de verification
106710	commissaire - lutte racisme et discriminations systemiques
702870	patrouilleur(-euse) en environnement - lasalle
219230	chef(fe) de division - recherche de talents et dotation
607930	plombier(-iere) industriel(le)
606310	electrotechnicien(ne) - arrondissement
212870	agent(e) conseil recherche de talents et dotation
383410	charge(e) de projets - urbanisme
216420	chef(fe) de section - ingenierie d usine
602210	electricien(ne) - feux de circulation
607920	peintre batiment et equipements municipaux
219880	chef(fe) de division - gestion de l information service des finances
222800	chef(fe) de division - planification strategique
721870	agent(e) de prevention - controle animalier
602930	mecanicien(ne) en tuyauterie - biogaz
601410	mecanicien(ne) de portes mobiles
219770	chef(fe) de section - restauration - espace pour la vie
217440	chef(fe) d atelier - services generaux (eau)
221440	coordonnateur(-trice) paie
211890	chef(fe) de division - soutien aux evenements
755810	assistant(e)-botaniste
743480	prepose(e) a la perception
304110	commissaire - a la culture
700710	controleur(-euse) des installations et vigie environnementale
105080	directeur(-trice) - rel. avec les citoyens, greffe et services administratifs
106480	directeur(-trice) optimisation securite proprete
217930	chef(fe) de division - exploitation du reseau arteriel
220990	chef(fe) de section - support aux operations
208540	chef(fe) de section - ingenierie (arr. pierrefonds)
219220	c/d recherche de talents -dotation
218720	c/d estimation des coûts d infrastructure
217640	chef(fe) de division - relations avec les citoyens, communications et greffe
483200	stagiaire en architecture
785320	agent(e) technique en expertise et évaluation immobilières
218000	chef(fe) de section - geomatique
217450	chef(fe) d atelier - instrumentation et controle (eau)
208640	chef(fe) de division - edifices, equipements et parcs (arr. pierrefonds)
211380	chef(fe) de section - paie
222080	chef(fe) de division - permis et inspections - arr. ville-marie
220290	conseiller(ere) principal(e)- relations de travail
105750	directeur(-trice) de service - urbanisme et mobilité
212620	chef(fe) de division - expertise comptable
221510	chef(fe) de division - services aux utilisateurs
220760	responsable de secteur-formation emploi de la force(spvm)
220890	chef(fe) de division - reseaux de telecommunications
218990	chef(fe) de division - soutien technique et infrastructures - matieres residuelles
713490	prepose(e) aux contestations d evaluations - cum
211400	chef(fe) de division - gestion de la presence au travail
792430	prepose(e) a la documentation
213550	contremaitre(-tresse)-atelier mecanique et magasin (lasalle)
607850	mecanicien(ne) en tuyauterie refrigeration et chauffage
203620	c/m usine de filtration (arr.lachine)
100270	prmo - contremaitre(-esse)
106970	directeur(-trice) développement résidentiel
401040	profil - 401000 - geomatique
221900	chef(fe) de section - gestion contractuelle
224020	chef(fe) de division - planification stratégique   performance
900010	stagiaire
220020	inspecteur général associé
217410	chef(fe) de division - entretien (eau)
218540	chef(fe) de division-exploitation reseau et planification entretien usines production eau
214740	c/m gen.des métiers - biodome
222180	chef(fe) de section - soutien aux rapports d evenements
500030	lieutenant(e) prepose(e) a l entretien
710570	arbitre en chef - baseball - st-laurent
221060	chef(fe) de division - strategie d affaires et partenariats
105840	directeur(-trice) des revenus
221210	chef(fe) de division - portefeuille de systemes financiers
221610	chef(fe) de division - services administratifs
222200	responsable - service aux cours
106350	directeur(-trice) - ateliers mecaniques
218550	chef(fe) de section - planification de l entretien - usines eau potable
451020	ingenieur(e)
792820	agent(e) de bureau
743370	agent(e) de recettes
705350	agent(e) technique principal(e)
713260	operateur(-trice) de video-clavier - cum
900610	stage non remunere
214910	chef(fe) de section - inspections batiments
792810	commis de bureau
713760	technicien(ne) en evaluation grade 2 - cum
789340	agent(e) technique en mecanique du batiment
762850	aide-animateur(-trice) grade 1 - loisirs communautaires
304360	administrateur(-trice) principal(e) - bases de donnees (dba)
207810	superviseur(e) - centre de communications d urgence
782910	officier(-iere) de liaison aupres des cours de justice
605620	journalier(-iere) - etudiant(e) - anjou
721950	inspecteur(-trice) residentiel(le) en evaluation fonciere
742310	conseiller(-ere) en verification
755410	prepose(e) aux renseignements horticoles
219500	gerant(e) d atelier - service materiel roulant et des ateliers
721690	assistant(e) technique - géomatique
342410	charge(e) du cont. des gestionnaires ext.   des fiduciaires
700380	assistant(e) animateur(-trice) specialise(e) - loisirs socio-culturels
601880	soudeur(-euse)
217940	chef(fe) de division - securite et amenagement du reseau arteriel
721720	préposé(e) - gestion de la mobilité urbaine
211570	chef(fe) de division - centre de communications d urgence (sim)
211290	agent(e) conseil- remuneration
220610	chef(fe) de division - solutions numeriques
217870	chef(fe) de section - service a la clientele - arrondissement
602360	ouvrier(-iere) des usines - eau potable
611390	brigade a la proprete - cols bleus
106380	directeur(-trice) gestion matieres residuelles infras
702920	prepose(e) a la patrouille animale - lasalle
202260	charge(e) - enquetes analyses
702040	prepose(e) a l application des reglements - lachine
104330	directeur(-trice) de service - habitation
215650	chef(fe) de section - gestion de projets immobiliers
221690	chef(fe) de section - plan directeur
218750	contremaitre(-tresse)-atelier de formation (service)
451110	ingenieur(e) de section
215510	gérant serv.garage <<serv.adm.>>
220830	chef(fe) de division - chantier de performance (spo)
900630	stagiaire cadre 1 a 59 credits
224030	contremaitre(-tresse) réseaux d eau
212570	chef(fe) de section - voirie
300640	conseiller(-ere) recettes fiscales
303340	conseiller(-ere) scientifique
401630	charge(e) expertise et analyse
221670	chef(fe) de section - programmes, inclusion sociale et mediation du livre
711420	prepose(e) aux specifications d achats
106920	directeur(-trice) - revue des activites de la ville
223200	chef(fe) de division - projets speciaux et centre d expertise en maintenance
712470	prepose(e) a la scenographie et montage audiovisuel - st-leonard
215540	chef(fe) de division - immeubles et materiel roulant (arr. verdun et lasalle)
714780	inspecteur - ilbiz
217610	c/d ress. fin.   mat. espace vie, serv. tech. informat.
756410	prepose(e) a la reproduction de plans
717360	coordonnateur(-trice) du programme des terrains de jeux - montreal-nord
304350	conseiller(-ere) en telecommunications equipementss
216510	assistant(e) surintendant(e) - collecteurs et bassins de retention
222450	chef(fe) de section - administration de contrats
601840	mecanicien(ne) soudeur(-euse)
106580	directeur(-trice)-direction des services administratifs et des projets urbains
218410	chef(fe) de section - operations - gestion des matieres residuelles
212930	chef(fe) de section - ateliers mecaniques
715000	coordonnateur(-trice) adjoint(e) socio-culturel - pierrefonds
400150	conseiller(-ere) en communication
106280	directeur(-trice)-bureau d integration des nouveaux arrivants
106310	directeur(-trice) - strategie d operations d entretien de lavoie publique
223150	chef(fe) de division - formation (concertation des arr.)
222430	chef(fe) de section - gestion de la formation et centre     maxim eau
222590	chef(fe) de section - inspection salubrite
220940	chef(fe) de releve - centrale 911
218970	responsable approvisionnement et magasin - eau
794410	prepose(e) aux installations telephoniques
701920	coordonnateur(-trice) camp de jour et service de garde - lachine
400800	profil - 400790 - infrastructure
207250	chef(fe) de module - centrale d information policiere (spvm)
222050	chef(fe) de division - bureau des projets et programmes d immobilisations
105540	directeur(-trice) - travaux publics (ii)
301800	conseiller(-ere) a l accueil au protocolee
401110	profil - 401000 - solution ti en securite publique
702000	surveillant(e) - patineurs(-euses) et arenas - lachine
208260	c/m voirie (arr. pier/roxb)
602990	ouvrier(ere) general(e) de metiers - biodome
219980	chef(fe) de division - assistance a la gestion des interventions dans la rue
219510	adj. et chef du bureau des aff. gouv. et metropolitaines
105050	directeur(-trice) aménagement urbain serv.entr. ville-marie
103060	directeur(-trice) de service - police
223010	chef(fe) de division - communications spvm
605740	prepose(e) a la signalisation
221470	chef(fe) de section - telecommunications et solutions technologiques (spvm)
218680	chef(fe) de mission en verification
217970	c/m entretien du reseau secondaire d aqueduc et d egouts
223800	chef(fe) de section - relations de presse et logistique
223700	chef(fe) de division - chaine logistique
270620	chef(fe) de division - securite incendie de montreal
601640	moniteur(-trice) examinateur(-trice)
721940	programme tremplin-travail - universitaire
221620	chef(fe) de division-renovation agrandissement construction (rac) des bibliotheques
215260	resp.corpo.resp.personne
221100	chef(fe) de division - developpement, exploitation pilotage systeme
221220	chef(fe) de division - planification et processus (communications)
700480	prepose(e) a l accueil
771810	prepose(e) au centre de communication du sim
772340	agent(e) technique en circulation   stationnement - tp - hdu
711820	agent(e) d approvisionnement niveau 2
720870	secretaire de direction - directeur(-trice) de premier niveau
214410	c/d urb.env.hab.  dev.écon.<<arr.mtln>>
732840	programmeur(-euse) analyste - etudes techniques - operations
700750	inspecteur(-trice) aux programmes de renovation
433810	agent(e) de systemes de gestion
307930	avocat(e) en droit du travail
483230	architecte
400840	profil - 400790 - logiciel
401210	charge(e) de projets ti
721650	agent(e) technique - analyse reseau soutien aux operations
700440	coordonnateur(-trice) en loisirs
607810	mecanicien(ne) diagnostics
600090	agent(e) de securite - classe 1
105200	directeur(-trice)-budget,planification financiere et fiscale
602340	mecanicien(ne) technicien(ne) - eau potable
220260	chef(fe) de division - culture, sports, developpement social
607800	manoeuvre specialise
720440	intervenant(e) prevention sensibilisation jeunesse
605750	prepose(e) service installations et parcs
711920	agent(e) de distribution principal(e)
221560	chef(fe) de section - culture
794820	prepose(e) aux telecommunications
221260	chef(fe) de section - ingenierie
221280	chef(fe) de section - planification integree
220330	conseiller(ere) - recherche de talents et dotation
216020	chef(fe) de division - soutien technique et amenagement paysager (arr. lasalle)
600030	employe(e) de restaurant
711780	technicien(ne) - bureautique
221960	inspecteur(-trice) général(e) adjoint(e) pré enquête et analyse
721510	parrainage professionnel niveau universitaire
600210	conducteur(-trice) trains miniatures embarcations a moteur
900290	etudiant(e) programme gouvernemental - collégial
721920	programme tremplin-travail - sec/prof.
221800	chef(fe) de section - patrimoine
222920	chef(fe) de division - planification des effectifs
210000	chef(fe) de division - ameliorations urbaines et qualite du milieu (arrondissement)
223500	chef(fe) de section - systemes et services arrondissements
206920	agent de gestion adm.(parc auto.spvm)
703850	traducteur(-trice)
754810	commis de pesee
106600	directeur(-trice) d arrondissement adjoint(e) - gestion territoire et sa
212300	charge(e) de dossiers ou missions
216690	chef(fe) de division - planification et soutien aux operations (sef)
214050	chef(fe) de section - circulation arrondissement
221660	chef(fe) de division - analyses immobilieres
700680	surveillant(e) de pataugeoire - chef(fe) d equipe
204300	c/m voirie   hygiène du milieu arr.outremont pierrefonds/rox
713150	enqueteur(-teuse) - evaluation - cum
223140	chef(fe) de section - mesures particulières d exécution
401050	profil - 401000 - gouvernance en securite de l information et gestion des risques
611450	briqueteur(-euse)-macon(ne) et chauffeur(-euse)
215870	chef(fe) de section - centres distribution   transport biens
222940	chef(fe) de division - gestion du changement et accompagnement aux transformations
601950	formateur(-trice)
103430	directeur(-trice) de service - approvisionnement
721830	photographe - identification judiciaire
601850	peintre restaurateur(-trice)
218360	c/m climatisation et réfrigération
211640	chef(fe) de division - gestion des installations (dir. sports)
400710	arpenteur (-euse)-géomètre junior
212270	contremaître(-tresse) - forêt urbaine (outr)
223670	chef(fe) - bureau de l ombudsman
457740	chimiste - c/e
611520	prepose(e) en charge - exploit.reseau primaire - eau potable
400530	conseiller(-ère) aux rôles d évaluation
611370	prepose(e) entretien sites d approvisionnement en carburant
215240	chef(fe) de division - communications et relations avec la communaute
254790	c/m  des operations aux cesm
222410	chef(fe) de section - services conseils en prevention
219330	chef(fe) de division - equipements culturels, art public, patrimoine artistique
221700	chef(fe) de section - planification des investissements
216890	c/d marketing   communications
221600	adjoint(e)-directeur(-trice) - relations de travail
219370	chef(fe) de section - logistique (spvm)
220720	chef(fe) de division - gestion des actifs
221320	chef(fe) de division - collecte transport et traitement des matieres residuelles
707860	huissier(-iere) de la cour municipale
284430	gerant(e) - surveillance du stationnement
601870	serigraphe
718670	secretaire construction - outr
721910	programme liaison emploi - universitaire
212970	c/d adj.voirie <<arr.>60000>>
221080	chef(fe) de division - transfo rh
399910	secretaire- recherchiste
400430	conseiller(-ère) en approvisionnement
482810	conseiller(-ere) en immobilier expertise immobiliere
104320	directeur de projets
215290	chef(fe) de section - developpement des personnes sim/spvm
215600	contremaître(-tresse) - collections vivantes - animaux
721470	integrateur(-trice) web
754840	depisteur(-euse) de fuites d eau
601260	jardinier(-iere) - jardin botanique ou regions chauffeur(-euse)
601110	charge(e) des travaux d asphaltage(*)
611630	prepose(e) a l entretien du reseau d aqueduc et d egouts
212960	chef(fe) de section - gestion immobiliere et exploitation des batiments a contrat
453730	arpenteur(-euse) geometre
602840	mecanicien(ne) - appareils motorises - app. immeubles
721860	analyste juridique
756860	examinateur(-trice) de titres
219870	chef revenus
219970	directeur(-trice) - administration - bureau du taxi de montreal
221430	contremaitre(-tresse) d arrondissement - voirie et parcs
221920	chef(fe) de division - salubrite des logements
106180	directeur(-trice) - gestion immobiliere et exploitation des batiments
712910	aide en loisirs - cum
105690	directeur(-trice)  - sante, securite et mieux-etre
703830	redacteur(-trice) de proces-verbaux
211360	chef(fe) de section - partenaires affaires ressources humaines
607960	prepose(e) au procede
214570	c/d dév.écon.<<arr.vmar>>
712920	aide technique - environnement - cum
801000	animateur(-trice) - st-leonard
721810	agent(e)technique assainissement - air et eau
211770	chef(fe) de division - culture, biblio, sports, loisirs et dev. social
218130	chef(fe) de division - communications, greffe, relations citoyens et adjoint(e) dir. arr.
600960	prepose(e) au service - voie publique
106080	directeur(-trice) bureau de projets ti
216950	chef(fe) de division - animation et programmes educatifs
713680	technicien(ne)-formateur(-trice) - cum
210990	chef(fe) de division - parcs (arrondissement)
721680	agent(e) technique en évaluation foncière
215230	chef(fe) de section - activites aquatiques (arrondissement)
213430	c/m voirie <<arr.>>
900380	stagiaire professionnel ou juriste
216090	chef(fe) de section - interventions - environnement
222270	chef(fe) de section - ressources informationnelles spvm
721820	analyste - integrite des donnees policieres
216160	c/s acquisition et preparation materielle bibliotheques
219850	chef(fe) de division - services sur route (materiel roulant et ateliers)
214920	conseiller(-ere) - gestion des invalidites presence au travail
355210	agent(e) de programmation   d activites - planetarium
214140	chef(fe) de section - parc automobile spvm
718340	préposé(e) à l acceuil - outr
717430	coordonnateur(-trice) des pataugeoires exterieures - montreal-nord
717420	coordonnateur(-trice) - piscines exterieures - mtl-nord
220840	chef(fe) de division - développement des compétences
219890	chef(fe) de division - soutien aux systemes de gestion financiere
401570	conseiller(-ere) principal(e) en architecture d affaires
601600	briqueteur(-euse)-macon(ne)
209240	chef(fe) de division - gestion de la dette et de la tresorerie
217330	directeur(-trice) adjoint(e) de cabinet - mairie de montréal
223030	chef(fe) section - mise en serv. véhicules, entretien postes carburant et projets spéciaux
401140	profil - 401130 - frontale
105920	directeur(-trice) generale(e) adjoint(e)
611080	apprenti(e) - elagueur(-euse)
219080	c/projet plan dir modif infra cont procédés infor gestion
900750	stage non remunere cols blancs
218570	chef(fe) de division - amenagement urbain et services aux entreprises
209250	chef(fe) de division - financement, placement et gestion du risque
215660	chef(fe) de division - gestion immobiliere et exploitation des batiments specialises
900780	stagiaire professionnel - niveau maitrise
401120	profil - 401000 - partenariats ti
216480	chef(fe) de division - gestion durable de l eau
220850	chef de section - planification et développement
220390	agent(e)- sante et securite au travail
103070	directeur(-trice) de service - securite incendie
401060	profil - 401000 - certification en securite de l information
769410	prepose(e) aux renseignements entomologiques
104210	directeur(-trice) de service - grands parcs, verdissement et mont-royal
221370	chef(fe) de la securite de l information
105550	directeur(-trice)-cult.sl.ds.(ile bizard-outremont)
105090	directeur(-trice)-travaux publics amenagement urbain (arr.)
451060	conseiller(-ere) technique - ingenieur(e)
204570	c/m entret.du terr.<<arr.verd>>
218920	chef(fe) de section-optimisation systeme distribution eau potable et gestion consommation
223810	chef(fe) de division - partenariats et interventions territoriales
106760	directeur(-trice) de la biosphere
222550	directeur(-trice) adjoint(e) chef(fe) aux operations (ville-marie)
721930	programme tremplin-travail - collégial
106030	directeur(-trice) du planetarium
221010	c/d gestion du portefeuille immobilier
216450	contremaitre(-tresse)-entretien des vannes principales du reseau primaire d aqueduc
700500	prepose(e) au remorquage
720930	technicien(ne) artistique
719910	moniteur(-trice) - piscines - lachine
700550	surveillant(e) d installations
270610	chef(fe) aux operations - sim
400010	conseiller(-ere) analyse - controle de gestion
211330	agent(e) prepose(e) aux indemnites
300650	animateur(-trice) institutions scientifiques
755310	agent(e) technique en horticulture et arboriculture
702730	coordonnateur(-trice) - parcs - lasalle
702380	animateur(-trice) guide - lasalle
603240	prepose(e) aux travaux   a la proprete
900370	stagiaire cadre
218700	chef(fe) de division - communications et marketing (espace pour la vie)
600810	operateur(-trice) d appareils motorises c
217500	responsable des operations (service de l eau)
218210	chef(fe) de division - relations avec les citoyens et communications - niveau ii
218660	chef(fe) de section - entretien eclairage, feux circulation et signalisation lumineuse
752360	agent(e) technique en electricite
900690	stagiaire scientifique 1 a 59 credits
106010	directeur(-trice)-bureau de projets d immobilisations
215570	c/m parc,transport   déneigement <<arrond>
713750	technicien(ne) en evaluation grade 1 - cum
217470	chef(fe) d atelier - plomberie (eau)
209370	chef(fe) de division - ressources humaines (arrondissement)
220550	superviseur(e) - installations sports et loisirs
401200	administrateur(-trice) principal(e) - réseaux de telecommunications
103490	directeur(-trice) - travaux publics en arrondissement
212350	chef(fe) de division - horticulture et collections
713060	chef(fe) d equipe - prepose(e) aux communications d urgence
754850	charge(e) d operation
219170	c/d amenag urbain securite publique (ibizard)
222370	chef(fe) de section - solutions et experiences d apprentissage
782900	charge(e) de subventions   de renovation
221880	chef(fe) de section - logistique
731430	prepose(e) au controle du traitement des donnees
603230	etudiant(e) col bleu - l.c.d. restaurants
103400	directeur(-trice) de service - experience citoyenne et communication
706750	commis aux plateaux des activites - anjou
900710	stagiaire scientifique 90 credits et plus
221570	gerant(e) d immeubles
219580	chef(fe) de division - amenagement et projets urbains
215920	contremaitre(-tresse) - installation de systemes electriques
212540	charge(e) de projets - mecanique du batiment - stle
215970	chef(fe) de division - developpement commercial (seplv)
721980	charge(e) au controle des dossiers de poursuites
223960	chef(fe) de section - centre opérationnel
755860	concepteur(-trice) artistique de projets
203320	chef(fe) de section - archives
254770	c/m  a l operation des usines  de production d eau
105960	directeur(-trice) de service - gestion et planification immobiliere
221710	chef(fe) de division - expertise d entretien
207780	chef(fe) de section - grands parcs
103380	directeur(-trice) - arrondissement (ii)
213580	contremaître(-tresse) - électricité et électronique (v)
220100	chef(fe) de division-amenagement du territoire et etudes techniques (arr. rosemont-pp)
206790	chef(fe) de division - formation (spvm)
222000	chef(fe) de division - renseignement strategique (spvm)
702300	agent(e) de soutien - lasalle
101400	chef(fe) de section - ingénierie (lasalle)
214640	contremaître(-tresse) - mécanique aux usines
216130	chef(fe) de section - aquatique - claude robillard et arrondissements
106520	directeur(-trice) chaine logistique
302440	c/d comptabilisation des transactions financieres
218880	c/d ressources humaines - service de l eau
106130	directeur(-trice) centre d expertise-intelligence affairesres
209100	chef(fe) de division - paie
601790	ferblantier(-iere) couvreur(-euse)
222500	chef(fe) de section - informations policieres et mandats
106560	directeur(-trice) - grands projets de transport en partenariat
283120	chef(fe) de division - planification des strategies residentielles
400980	conseiller(-ere) sciences environnement ou aliments
600680	aide mecanicien(ne) en tuyauterie - refrigeration
217790	chef(fe) de section - gestion des projets d amenagement des grands parcs
221790	chef(fe) de division - comptabilisation des revenus et controles financiers
709520	prepose(e) au materiel - centre loisirs - mtl-nord
220510	chef de division - centre de services ti
219030	c/d ressources financières sdo
607870	mecanicien(ne) d expertise
221200	chef(fe) de division - foret urbaine
601140	prepose(e) - materiel et montage (evenements)
221930	chef(fe) de division - avantages sociaux
223400	conseiller(-ere) en ressources humaines - stratégie et inclu
208500	chef(fe) de division - sports, loisirs et installations (arr. pierrefonds)
218180	c/d bureau des grands projets
106360	directeur(-trice) - ateliers specialises
216880	charge(e) de secretariat
792950	charge(e) de soutien documentaire
791410	prepose(e) au secretariat
721160	préposé(e) à l information du cadre bâti
400650	professionnel(le)(domaine d expertise)-chef d équipe
721450	agent(e) de formation et de contrôle de la qualité -spvm
701120	agent(e) de liaison - cinema
611410	etudiant(e) - cols bleus
304550	agent(e) de developpement culturel
713350	prepose(e) a l information policiere - cum
792930	analyste de dossiers
222730	chef(fe) de division - entretien de l eclairage et feux de circulation (arr. rosemont)
601920	electricien(ne) - batiments
720910	commis a l accueil - verd
700300	photographe
732530	conseiller(-ere) en logiciel materiell
401160	developpeur(-euse)/concepteur(-trice) principal(e)
401370	analyste d affaires - conseil
600490	prepose(e) a la reception a l expedition
700740	prepose(e) au marketing
400730	conseiller(-ere)-bureau des régimes de retraite
400820	profil - 400790 - telecommunications
607830	mecanicien(ne) entretien - usines
722010	agent(e) service a la clientele - mobilite
755850	animateur(-trice) horticole
802230	prepose(e) aux activites libres - stle
215710	chef(fe) de division - acquisition
215910	chef(fe) de division - soutien projets gestion programmes habitation
209410	chef(fe) de division - ressources humaines et financieres (arrondissement)
603730	opérateur(-trice) - usines de l ouest
219490	chef(fe) de section - assurance qualite et amelioration de la perfo.(premiers repondants)
105720	directeur-gest durable eau et soutien à l exploitation
771820	prepose(e) principal(e) au centre de communication du sim
711140	prepose(e) a l exploitation des compteurs d eau
702110	responsable du point de service du bureau d immatriculation vehicules
721380	préposé(e) aux données de circulation
600670	traceur(-euse) de ligne sur la chaussee
223060	chef(fe) de division - planification,ress.informationnelles
222040	contremaitre(-tresse)-operations et amenagement
223090	chef(fe) de section - respect de la personne
216910	assistant(e) administratif(-tive)
214330	chef(fe) de division - poursuites penales et criminelles
212980	chef(fe) de section - usines de l ouest
222850	chef(fe) de division - gestion parc vehicules, equipements et planification operationnelle
207770	responsable de la releve spvm
603030	prepose(e) au service des sports, loisirs et developpement social
207310	chef(fe) de division - affaires civiles
210110	chef(fe) de division - urbanisme, permis et inspections (arrondissement)
300630	agronome
214770	chef(fe) de section - qualite du milieu (arrondissement st-leonard)
718140	special - natation v - stlau
221550	chef(fe) de section - exploitation des batiments specialises
400390	ingenieur(e) conseiller(ere) technique
221180	chef(fe) de division - strategies et pratiques d affaires
104190	directeur(-trice) - projets d amenagement urbain
601470	rembourreur(-euse)
106250	directeur(-trice) - investissement et developpement strategique
214420	chef(fe) de division - operations travaux publics
220700	directeur(-trice) - developpement du bureau du taxi de montreal
210820	chef(fe) de division - developpement des projets en transport
213540	c/m propreté   deneigement <<arr.lasa,outr>>
105970	directeur(-trice)-bureau des relations internationales
221830	chef(fe) de section - inspection residentielle
212950	chef(fe) de section - formation vehicules
712350	chef(fe) de l atelier de l imprimerie - st-leonard
602880	prepose(e) au service - garage - approvisionnement
602320	mecanicien(ne) en controle pneumatique - v.c.r.
107070	directeur(-trice) - strategies et programmes sociaux
302400	chef(fe) de division - secretariat aux commissions
218740	c/m soutien opérations
106900	directeur(-trice) - strategie et performance
215800	c/d developpement economique et initiatives stratégiques
217530	planificateur - entretien (service de l eau)
212520	c/d génie <<arr._st-leonard>>
222140	chef(fe) de division - infrastructures et operations de securite
106200	directeur(-trice) - gestion des projets - developpement et maintien d actifs immobiliers
222280	chef(fe) de division - negociateur(-trice) en chef adjoint(e)
721850	charge(e) de soutien technique acquisition biens et services
106940	directeur(-trice) - affaires publiques et protocole
106950	directeur(-trice) bureau de projets
212770	c/m  a l ent. des controles   de l instrumentation
221150	chef(fe) de division - gestion du changement organisationnel
220030	inspecteur(-trice) général(e) adjoint(e) - inspections et enquêtes
223240	administrateur senior - régimes de retraite
221140	chef(fe) de section - support et technologie des communications operationnelles (spvm)
209340	c/d administration - niveau 1
206430	contremaître(-tresse) - électricité (sla)
711610	specialiste - karate iii - st-laurent
601250	"egoutier(-iere) chauffeur(-euse) ""vactor"""
223250	chef(fe) de section gestion des services administratifs
106640	directeur(-trice)-bureau de la retraite
223530	chef(fe) de division - laboratoire d innovation urbaine
223450	chef(fe) de section - planification logistique
216800	chef(fe) de division - centre de services partages - bibliotheque
211460	conseiller(-ere) (specialite)
720800	agent(e) technique en mesures preventives
721560	préposé(e) aux interventions rapides et prioritaires
789320	agent(e) technique en instrumentation   controle
483250	architecte - planification
215580	chef(fe) de section - informatique
721520	charge(e) de soutien technique en immobilier
700530	surveillant(e) de pataugeoire
601160	jardinier(-iere)
601300	peintre
222760	chef(fe) de section - biodiversite
400790	architecte ti de solutions
601510	menuisier(-iere)
611640	prepose(e) en charge - entretien du reseau d aqueduc et d egouts
210980	chef(fe) de division - voirie - arrondissement
105530	directeur(-trice) arrondissement (ii)
732880	technicien(ne) en developpement d application en bureautique
210070	chef(fe) de division - patrimoine
700460	moniteur(-trice) de sports
345310	conseiller(-ere) en gestion des ressources financieres - c/e
223100	chef(fe)de section - rémunération
105860	directeur(-trice)-comptabilite et informations financieres
223180	chef(fe) de section - pépinière et renforcement canopée
762940	surveillant(e) d activites
221410	contremaitre(-tresse)-general(e) de metiers (eplv)
713090	concepteur(-trice) des amenagements - immeubles
209230	chef(fe) de division - budget
721700	agent(e) technique en estimation
602200	electricien(ne) - eclairage
219460	chef(fe) de section - projets de parcs (arrondissement)
718600	specialiste pre-natal - stlau
215210	chef(fe) de division - securite
222780	chef(fe) de division - intelligence affaires sociales optimisation
611550	frigoriste
222830	chef(fe) de section - conseil a la gestion et suivi de projets
222060	chef(fe) de section - projets et etudes techniques
213390	contremaitre(-tresse) - batiments, signalisation, eclairage (arrondissement)
210120	chef(fe) de section - gestion des programmes d habitation
500010	lieutenant(e)
500060	lieutenant(e) instructeur(-trice)
721530	agent(e) technique en genie civil (infrastructures municipales)
105800	directeur(-trice) - affaires civiles et avocat(e) en chef adjoint(e)
713600	charge(e) d entretien - parcs natures
704410	aide ingenieur(e) ii - verdun
200290	c/m  ventilation, clim., chauf., refrigeration   mecanique
211340	c/d ress. hum. - serv corporatif
219480	c/d logistique d approvisionnement
600320	prepose(e) a l application de peinture
216210	chef(fe) de section - parcs et horticulture (arrondissement)
218390	chef(fe) de division - urbanisme (arrondissement ville-marie)
717000	caissier(-ere) - verdun
219200	c/d certification des contrôles internes -finances
213440	c/m parcs,terrains jeux   sports <<arr.>>
200890	c/m  de form.
709480	prepose(e) a l accueil - piscines interieures - mtl-nord
211050	chef(fe) de division - diversite sociale
106300	directeur(-trice)-image de marque et strategies numeriques
106240	directeur(-trice) - entrepreneuriat
711000	marqueur(-euse) - st-laurent
710950	inspecteur - construction - stlau
719880	coordonnateur(-trice) - piscines municipales - lachine
103750	verificateur(-trice) general(e)
215980	c/s sports, loisirs (ile bizard)
214440	c/m entret.  décoration
221400	chef(fe) de division - ressources matérielles et informationnelles (spvm)
223510	chef(fe) de section - transactions immobilières
602970	animalier(-iere) - clinique veterinaire
221870	chef(fe) de division - operation logistique
720990	charge(e) de soutien technique en droit - contentieux
221760	chef(fe) de section - geotechnique et chaussee
732560	analyste en reclamation
106790	directeur(-trice) - projets et developpement des services aux citoyens
220710	chef(fe) de division - planification transports et mobilite
221980	chef(fe) de section - projet
401320	profil 2 -401300-
219430	chef(fe) de protocole et de l accueil
106840	directeur(-trice) - innovation urbaine et opportunites str  ategiques
216350	chef(fe) de division - gestion strategique des reseaux d eau
401010	profil - 401000 - sourçage ti
105870	directeur(-trice) general(e) - bureau du taxi de montreal
104500	directeur(-trice) de service - ressources humaines
302450	chef(fe) de division - gestion des paiements de factures et des taxes de vente
205650	c/d opérations <<arr.mtln et outremont>>
719890	chef(fe) moniteur(-trice) - lachine
223040	chef(fe) de section - arrimages et projet transfo rh
220120	chef(fe) de division - prévention et proximité citoyen
220730	c/s communications corporatives
220300	conseiller(ere) principal(e) - developpement organisationnel
223940	chef(fe) de section - experience client eplv
103360	directeur(-trice) de service-greffe et greffier(-iere)
216730	chef(fe) de division - centre de services (bureau du taxi de montreal)
791840	secretaire de direction
713050	chef(fe) animateur(-trice) - cum
213620	contremaitre(-tresse)-supervision des services alimentaires
791860	secretaire juridique
709250	commis urbanisme-construction - mtln
601680	mecanicien(ne) electricien(ne)
600470	prepose(e) a l entretien - sports   loisirs
732510	analyste en informatique
367210	conseiller(-ere) en developpement communautaire
455830	architecte paysagiste - c/e
769310	agent(e) principal(e) de communications sociales
103710	president(e) - office de consultation publique de montreal
210030	chef(fe) de division - permis et inspection (arrondissement)
407490	stagiaire du barreau
607880	menuisier(-iere) installation
210080	chef(fe) de division - urbanisme (arrondissement)
210930	chef(fe) de division - voirie et parcs en arrondissement
783420	prepose(e) aux modifications cadastrales
721150	préposé(e) aux communications d urgence
607040	plombier(-iere) chauffage
721970	technicien(ne) - greffe et archives
400560	bibliothécaire responsable
222560	chef(fe) de section - communications
900340	brigadier(-iere) scolaire
721840	agent(e) liaison intervention sociale
600560	agent(e) de securite- classe 2
607030	peintre-arrondissement
400830	profil - 400790 - bureautique
706500	agent(e) de developpement en loisirs
711490	specialiste - conditionnement physique aquatique iii - st-laurent
210100	chef(fe) de division - urbanisme, permis et inspections (arr. outremont)
105410	verificateur(-trice) général(e) adjoint(e)
222910	chef(fe) de section - services administratifs (materiel roulant atelier)
254310	chef(fe) de section - chimie environnementale et controle de la qualite de l eau
219860	chef(fe) de division - services et produits specialises (mra)
220620	chef(fe) de division - solutions d affaires
214560	contremaitre(-tresse)-plomberie, usines et environnement, voirie, reseaux
215170	c/m batiment et équipements
611380	electronicien(ne) - systemes de securite
218590	contremaitre(-tresse)-operations aux usines de production del eau (eau)
222630	chef(fe) de section - transition ecologique et planification de l entretien
781310	technicien(ne) en controle du bruit
218600	chef(fe) de division - gestion de projets immobiliers
220950	chef(fe) de division - relations de travail
721320	etudiant(e) col blanc - dep
222740	chef(fe) de division - signalisation, marquage de la chaussee (arrondissement rosemont)
213310	conseiller(-ere) en analyses financieres chef d equipe
706920	prepose(e) a l equipement et a la production technique
207270	chef(fe) de section - développement de compétences technologiques
204580	contremaître(-tresse) - enveloppe du bâtiment (v)
215520	chef(fe) de division - gestion documentaire et archives
700330	guide etudiant(e)
221340	chef(fe) de division - creation et production communications
751340	agent(e) technique de laboratoire en geologie
501540	auxiliaire-soutien
215400	contremaître(-tresse) - atelier en éclairage et signalisation (rpp)
607470	prepose(e) a la mecanique
216440	c/s adm et plan d affaires - eau
601520	ouvrier(-iere) en charge et chauffeur(-euse) - eaux et assainissement
709130	animateur(-trice) du programme des terrains de jeux - mtl-nord
709320	coordonnateur(-trice) - jardins communautaires - mtl-nord
303350	museologue
203970	contremaître(-tresse) - mécanique du bâtiment
222700	chef(fe) de section - ateliers et equipements
219390	chef(fe) de division - collections entomologiques et recherches
222010	directeur(-trice) general(e) adjoint(e) - bureau du taxi de montreal
214630	c/m voirie signal. (arr.pier-roxb./stlau)
210880	chef(fe) de division - ressources materielles, alimentaires et logistiques (arr. mhm)
705140	insp.serv.amena.urb.serv.entrp.- verd
401220	profil -401200- telecommunications
105040	directeur(-trice) travaux publics ville-marie
711890	prepose(e) a la qualite - approvisionnement
105480	controleur(-euse) general(e)
105810	directeur(-trice) de service - concertation des arrondissements et experience citoyenne
709470	pointeur(-euse) - mtl-nord
220250	chef(fe) de section - gestion des factures et inventaires
220180	chef(fe) de division - ressources materielles (spvm et sim)
216930	chef(fe) de division - perception et encaissement
217980	chef(fe) de division - geomatique
201620	chef(fe) de division - entretien, eclairage, signalisation, marquage chaussee - rsmt
713550	regisseur(-euse) des exemptions de taxes - cum
222790	chef(fe) de division - gestion contractuelle et opérationnelle des travaux municipaux
223370	chef(fe) de division - gouvernance, gestion des risques,    des projets et des actifs
219090	chef(fe) de division - culture, sports, loisirs, developpement social (ile bizard)
223580	chef(fe) de section résidentielle - évaluation foncière
611710	prepose(e) aux equipements de signalisation
401580	analyste d affaires principal(e) - projets conseil strategique
753410	prepose(e) aux instruments d arpentage
500140	lieutenant(e) prepose(e) a la planification des secours
715080	prepose aux permis - pier
106290	directeur(-trice)-partenaires d affaires en communication
222340	chef(fe) de division - inspection et entretien
210060	chef(fe) de division - developpement durable
709090	animateur(-trice) bambinerie - mtl-nord
717570	caissier(-ere) guichet - st-laurent
401310	profil 1 -401300-
607970	prepose(e) aux menus travaux
106190	directeur(-trice) - planification immobiliere
203750	chef(fe) de division - gestion infrastructure, loisirs et equipements (arr. lasalle)
107020	responsable soutien a la direction et charge(e) de projets  responsable soutien a la direc
105980	directeur(-trice)-bureau de l experience client
401290	profil 2 -401270-
217060	responsable soutien aux élus i
771310	agent(e) de prevention des incendies
706310	agent(e) de communications sociales
713340	prepose(e) a l information - police de quartier - cum
703810	greffier(-iere) audiencier(-iere)
763830	bibliotechnicien(ne)
784610	inspecteur(-trice) en circulation et stationnement
710740	commis - gestion documentaire ii - st-laurent
202830	gestionnaire immobilier(-iere)
900700	stagiaire scientifique 60 a 89 credits
732850	programmeur(-euse) analyste
711560	analyste de materiaux
700670	technicien(ne) en geomatique (cartographie thematique)
755610	inspecteur(-trice) en horticulture et arboriculture
713560	responsable de la gestion des documents
718210	commis-inspections - stlau
762810	animateur(-trice) de sports et loisirs
702810	inspecteur(trice) en construction et aménagement urbain
719960	animateur(-trice) specialiste activites culturelles - lasalle
601940	poseur(-euse) d appareils de chauffage
400590	chargé(e)projet-grand projet
304380	agent(e) de gestion en telecommunications equipements
499810	agent(e) de recherche
222330	chef(fe) de division - gouvernance et normalisation
700720	agent(e) d approvisionnement niveau 1
401490	analyste ti principal
700470	moniteur(-trice) specialise(e) - piscine
211700	chef(fe) de section - centre sportif et installations dcqmv
400740	conseiller(-ere) en gestion-régimes de retraite
211440	chef(fe) de division - actuariat et developpement
209060	c/d developpement organisationnel
216460	chef(fe) de projet - gestion de l eau
703200	technicien(ne) - audiovisuel(le) - lasalle
601690	mecanicien(ne) en tuyauterie - chauffage
222160	chef(fe) de section - experience client acquisition
601630	horticulteur(-trice)
382410	conseiller(-ere) en developpement - habitation
782830	enqueteur(-euse) estimateur(-trice)
220560	chef(fe) de section - projets ti
213460	contremaitre(-tresse) - atelier mecanique (en arr.)
700830	prepose(e) aux arenas
572110	capitaine
743820	surveillant(e) de l encaissement
731840	programmeur(-euse) analyste - production
500070	capitaine instructeur(-trice)
218710	coordonnateur(-trice) securite urbaine (arrondissement st-laurent)
206930	agent(e) de gestion - operations (parc automobile - spvm)
217810	chef(fe) de section - operations et entretien
217840	chef(fe) division-soutien commissions permanentes, conseils consultatifs, bur. presidence
211650	chef(fe) de division - orientations, evenements, equipements, pratiques sportives
211280	agent(e) conseil - systemes info en ressources humaines
713220	inspecteur(-trice) - taxi/remorquage
217570	chef(fe) de section - soutien operationnel (environnement)
220800	chef(fe) de section - catalogage et analyse documentaire
216080	chef(fe) de division - transition ecologique
720300	technicien(ne) en recherche et enquête
221810	contremaitre(-tresse)-proprete
221650	chef(fe) de division - planification et gestion des espaces
211900	chef(fe) de division - culture, bibliotheque et developpement social - arrondissement
104170	directeur(-trice) de service - culture
106860	directeur(-trice) - espaces de travail et services aux utilisateurs
211830	chef(fe) de division - culture (arrondissement)
203600	contremaitre(-tresse) - electricite et refrigeration (lach)
792850	agent(e) principal(e) - salle de courrier
732520	analyste en informatique - responsable
720000	animateur specialiste camp de jour - lasa
602310	plombier(-iere) - usine de filtration de pompagee
220200	charge(e) - expertise et analyse (specialite) - big
106730	directeur(-trice) de projets - programmes et systemes
106470	directeur(-trice)-architecture d affaires et amelioration continue
222130	chef(fe) de division - gouvernance et gestion de risques
302430	chef(fe) de section - services aux participants
105850	directeur(-trice)-conseil et soutien financiers
611540	sergent(e) - securite
206380	c/s serv.public (arr.stlau)
611360	electrotechnicien - eau potable
704700	commis a l accueil - s.a.c. - verdun
203840	chef(fe) de division - activites operationnelles (arr. ile bizard ste-genevieve)
221820	chef(fe) de division - inspection residentielle
207880	superviseur(e) inspection - aliments (cum)
213930	regisseur(-euse) des loisirs (arrondissement outremont)
700060	analyste en formulaires
607740	chauffeur(-euse) et aide
600790	prepose(e) au service - laboratoire
400550	agent(e) de conservation des collections vegetales et phytoprotection
217900	chef(fe) de section - soutien technique et operations - complexe environnement (st-michel)
601730	reparateur(trice) d appareils sous pression
707270	technicien(ne) de projets - environnement et reglementation urbaine
792460	prepose(e) au centre d information
222210	chef(fe) de division - information policière
214930	chef(fe) de section - animation et mouvement citoyen
221530	chef(fe) de division - amenagement du reseau des grands parcs
304330	conseiller(ere) en planification technologique
400690	designer graphique
219610	c/d bureau principal de gestion de projets (dg)
214400	chef(fe) de division - planification et soutien au greffe
255720	c/m  horticult. champetre ou abrite - pepin.   parc floral
219020	c/d ressources materielles et informationnelles (sa)
301310	charge(e) de projets - genie - stle
751430	analyste de recettes
712780	agent(e) de controle - gestion des stocks - cum
713660	technicien(ne) - environnement - cum
754330	agent(e) technique en genie civil - eaux   egouts
782310	analyste soutien a la reglementation (permis   inspections)
794420	prepose(e) aux communications
211940	chef(fe) de section - sports, loisirs, developpement social (arrondissement)
741310	agent(e) comptable
700540	surveillant(e) de sports
720230	adjoint(e) camp de jour (botanique) - lasalle
303360	agent(e) de marketing
382210	conseiller(-ere) - evaluation fonciere
212490	regisseur(-euse)
401130	developpeur(-euse)/concepteur(-trice)
601130	"chauffeur(-euse) operateur(-trice) d appareils motorises ""b"""
782610	enqueteur(-euse) a la gestion immobiliere
788330	agent(e) technique en urbanisme
221770	chef(fe) de section - reglementation de l eau
220220	chef(fe) de division - centre de services 311 et interventions rapides et priotiraires
400700	conseiller(-ere) norm.compt.et certification
209430	secretaire d arrondissement
702050	prepose(e) a l immatriculation des vehicules
220570	chef(fe) de division - centre d expertise - infrastructures et plateformes
611420	horticulteur(-trice) specialise(e) - espace pour la vie
721670	prepose(e) a l inspection
757410	technicien(ne) de laboratoire
781850	inspecteur(-trice) principal(e) du domaine public
211780	chef(fe) de division - sports, loisirs et developpement social en arrondissement
106330	inspecteur(-trice) general(e) adjoint(e)
218500	chef(fe) de division - amenagement des parcs et actifs immobiliers
401270	administrateur(-trice) - infrastructure, plateforme et stockage
752850	assistant(e) technique - architecture
754820	commis principal(e) de pesee
717130	agent(e) technique - mecanique du batiment / genie mecanique - cum
106780	directeur(-trice)-services administratifs en arrondissements
604920	mecanicien(ne) en tuyauterie - arrondissements
213380	chef(fe) de division - programmes publics et educatifs
602290	technicien(ne) entomologiste
220080	chef(fe) de division - greffier(-iere) adjoint(e)-elections acces info. commis. reglem.
216640	chef(fe) de section d ingénierie d usine
223070	chef(fe) de section-bâtiments,équipements et installations
214020	contremaitre(-tresse) - horticulture champetre ou abritee, pepiniere et parc floral
707240	specialiste - handicape(e) intellectuel(le) - anjou
106390	directeur(-trice)-developpement culturel
721730	etudiant(e) col blanc - dec specialise annee 3
700690	officier(-iere) principal(e) de liaison aupres des cours de justice (permis et inspection)
717410	estimateur(-trice) de travaux
601360	depanneur(-euse)
218020	chef(fe) de division - conception et realisation des travaux (tp)
606910	ouvrier(-iere) general(e) de metiers - arrondissement
315910	officier(-iere) de securite
219450	chef(fe) de division - soutien aux instances
219470	chef(fe) de section - gestion des systemes d information - bibliotheques
721500	parrainage professionnel niveau collegial
222580	chef(fe) de division - batiments equipements installations
214510	chef(fe) de section - archives (police)
213700	contremaitre(-tresse)-radiocommunication et sonorisation mra
215490	chef(fe) de section - emission des procedures
217030	chef(fe) de division - soutien aux elus - direction du greffe (ce)
713710	technicien(ne) d entretien - cum
223300	chef(fe) de division - developpement des grands projets de transport en partenariat
207900	chef(fe) de division - inspection des aliments
215760	chef(fe) de section - proprete et environnement
602000	electricien(ne) - transmission distribution
210970	chef(fe) de division - soutien technique (arr. montreal-nord)
611500	machiniste-outilleur(-euse)
222600	superviseur(e) inspection environnement
602100	electricien(ne) d usines - entretien operationon
222400	chef(fe) de section - programmes financiers
220210	chef(fe) de division - conformite et audits
220230	chef(fe) de l architecture d entreprise (ti)
222020	contremaitre(-tresse)-ateliers specialises (mra)
220880	chef de section-realisation proj. et chantiers amelioration
220490	chef(fe) de division - controle et amelioration continue
103700	ombudsman
103630	directeur(trice)- diversité sociale
754830	controleur(euse) d usine de filtration
104570	directeur(-trice) des reseaux d eau
609280	prepose(e) depotoir a neige - stlau
214230	adj. au directeur principal/directeur d arrondissement
400000	conseiller(-ere) en affaires interculturelles
107080	directeur(-trice) - interventions territoriales
401020	profil - 401000 - amelioration continue
701970	inspecteur en construction - lach
705550	surveillant(e) - verdun
216740	chef(fe) de section - centrale 911
105940	directeur(-trice)-laboratoire d innovation urbaine
219620	chef(fe) de section - soutien, recherche, diffusion en patrimoine
219630	chef(fe) de division - biodiversite et ecologie urbaine
215460	chef(fe) de section - greffe et greffier adjoint
220150	chef(fe) de division - gestion de projets et economie de la construction
401030	profil - 401000 - ux-ui
214120	c/d bur.projets (srmi)
102160	chef(fe) de division - affaires policieres (saj)
222350	chef(fe) de section - escouade mobilite
610900	chauffeur(-euse) autobus
218400	chef(fe) de module - verification des antecedents spvm
218950	chef(fe) de section - planification et coordination travaux (direction eau)
220790	regisseur(-euse) au transport et soutien operationnel
223170	chef(fe) de division - mobilité (sca)
900420	etudiant(e) programme gouvernemental - secondaire professionnel
401250	profil -401190- telecommunications
220930	inspecteur(-trice) général(e) adjoint(e) - administration, controles et aff. juridiques
719760	moniteur/formateur-sauvetage - mtln
211730	c/d biblio.<<arr.<60000>>
106450	directeur(-trice) gestion du portefeuille de projets
220040	inspecteur(-trice) general(e) adjoint(e) - expertise et analyse
216400	chef(fe) de section - usine c-j des baillets
211320	agent(e) de ressources humaines
214550	chef(fe) de section - soutien general
402020	ingenieur(e) prepose(e) a la planification
791930	secretaire d unite administrative
754320	agent(e) technique en aqueduc et drainage
700810	agent(e) principal(e) du cadre bati
211740	chef(fe) de division - bibliotheque en arrondissement
720890	agent(e) technique en geomatique
700760	inspecteur(-trice) des batiments
721000	assistant(e)-événements culturels
702790	etudiant(e) col blanc - lasalle
700630	agent(e) culturel(le)
106410	directeur(-trice)-gestion des parcs et biodiversite
401620	gestionnaire de projets immobiliers
402890	conseiller(-ere) en amenagement- c/e
721660	agent(e) technique aux procedes - service de l eau
219900	chef(fe) de section - developpement du territoire
706560	aide-prepose(e) a l equipement - anjou
700390	assitant(e) agent(e) technique - activites sportives
217460	chef(fe) d atelier - mecanique (eau)
604590	electricien(ne) - arrondissement
751330	agent(e) technique de laboratoire en genie civil
721760	inspecteur(-trice) principal(e) du cadre bati
219940	chef(fe) de section - securite civile
212900	chef(fe) de division - transactions immobilieres
783110	verificateur(-trice) compteur(-euse)
721300	etudiant(e) col blanc - dec specialise annee 1
105610	directeur(-trice)  - poursuites penales et criminelles
219730	chef(fe) de division - expertise conseil
900680	stagiaire professionnel 90 credits et plus
711520	specialiste - cours superieur natation iii - st-laurent
223050	chef(fe) d atelier - entretien
220410	agent(e) - recherche de talents et dotation
103550	directeur(-trice) - bureau d arrondissement
216860	chef(fe) de division - evaluation immobiliere
220480	chef(fe) de division - gestion des programmes et portefeuilles
501380	agent(e) police
711630	specialiste - maitre nageur(-euse) iii - st-laurent
204460	c/d lois.  évén.<<arr.verd>>
900400	stagiaire scientifique
400770	conseiller(-ere) - experience client
700600	recenseur(-euse) - occupation des lieux
221360	chef(fe) de section - affaires civiles
601190	calorifugeur(-euse)
709450	moniteur(-trice) - piscines interieures - mtl-nord
709660	sauveteur-piscines et pataugeoires - mtln
218830	chef(fe) de division - gestion des contrats et analyses techniques (cont. gen.)
221750	chef(fe) de section - centre de services rh
720820	préposé(e) à la commercialisation
106740	directeur(-trice)  - communications corporatives
400760	conseiller(-ere) - conversation citoyenne
721890	programme liaison emploi - sec/professionnel
784810	pointeur(-euse) de circulation
601670	mecanicien(ne) entretien - eau potable
284220	chef(fe) de section - application de la reglementation du stationnement
218560	chef(fe) de section - mise en pression conduites principales eau potable
222240	chef(fe) de section - remorquage
105350	directeur(trice)planification et communications
219550	chef(fe) de division - remuneration
106510	directeur(-trice) acquisitions
216790	chef(fe) de division - collections vivantes et recherches
221840	chef(fe) de section - planification et developpement gmr
200880	conseiller(ere) en securite informatique
222990	chef(fe) de division - experience citoyenne
223210	chef(fe) de division - conception_et construction
203640	chef(fe) de division - travaux publics (arr. lachine et anjou)
607750	electricien d entretien stat.epuration
607770	electrotechnicien instrum.   controle
211630	chef(fe) de division - developpement et stratégie
218580	chef(fe) de division - strategies et developpement du reseaudes grands parcs
607700	armurier(-iere)
707350	technicien(ne)-dessinateur(-trice) - anjou
712860	agent(e) technique - epuration des eaux - cum
106440	directeur(-trice) - centre de services 311
105020	directeur(-trice)-culture, loisirs et des batiments (st-leonard)
222980	chef(fe) de division - reseau des maisons de la culture
221950	chef(fe) de section - reseau de surveillance de la qualite de l air
222840	chef(fe) de section - soutien technique pour les sols contamines
106680	directeur(-trice)-relations avec les partenaires et communications
222380	chef(fe) de division - strategies et projets corporatifs rh
223260	chef(fe) de division - revue des activites de la ville
601270	mecanicien(ne) d accessoires
221780	chef(fe) de division - comptabilisation des charges et expertise comptable
219830	c/m soutien opérations
103440	directeur(-trice) de service - materiel roulant et ateliers
218890	c/d resssources financieres et matérielle sdo
211950	chef(fe) de section - bibliotheque (arrondissement)
216710	chef(fe) de section - operations travaux publics
783320	agent(e) technique en architecture de paysage
713210	inspecteur(-trice) - aliments - cum
720090	inspecteur(-trice) d arrondissement (travaux, circulation, proprete)
600530	prepose(e) aux travaux generaux
406810	charge(e) de communication
218460	chef(fe) de section - communications
783310	agent(e) technique en architecture
710960	inspecteur - plomberie - stlau
720790	bibliothecaire - occasionnel(le)
611720	prepose(e) aux travaux et à l entretien
217050	responsable soutien aux élus ii
401330	analyste d affaires
607950	prepose(e) - exploitation du reseau d eaux usees primaire
713030	analyste-redacteur(-trice)
407410	avocat(e) 1
302420	chef(fe) de division - gestion des rentes
710990	inspecteur(-trice) senior - service technique - st-laurent
603300	mecanicien(ne) d entretien - biodome
345290	agent(e) de programmes educatifs
761370	agent(e) d aide socio-economique - chef(fe) d equipe
500000	pompier(-iere)
711700	specialiste - tennis iii - st-laurent
706600	animateur(-trice) - clientele avec besoins particuliers (anjou)
711450	specialiste - basketball de competition iv - st-laurent
400480	psychologue-cum
611510	prepose(e) - exploitation du reseau primaire - eau potable
400420	evaluateur(-trice) commercial(e)
749810	releveur(-euse) de compteurs d eau
703030	responsable des surveillants(-antes) d arenas - lasalle
712960	administrateur(-trice) de bases de données_(dba)
219520	adjoint chef de bureau affaires internationales
492810	conseiller(-ere) en ressources documentaires
402030	ingenieur(e) charge(e) de planification
611560	depanneur(-euse) polyvalent(e) - pierrefonds-roxboro
217550	c/s adjoint(e) centre sportif - stlaurent
223130	chef(fe) de division - perception des amendes
220780	architecte d entreprise ti
106800	directeur(-trice) - infrastructures et opérations
222320	chef(fe) de section - gestion de la formation
719000	agent(e) iii - soutien administratif (2) - st-leonard
211430	chef(fe) de section - systemes d information - ressources humaines
712820	agent(e) technique en protection des milieux naturels
213920	régisseur cult.<<arr.outr>>
284720	c/m installation   de depannage en eclairage   signalisation
216340	chef(fe) de division - ingenierie - production de l eau potable
219650	chef(fe) de division - grands parcs metropolitains
500110	lieutenant(e) enqueteur(-euse)
700510	prepose(e) aux droits d entree - chef(fe) d equipe
215830	adjoint(e) directeur(-trice) - travaux publics (arr. ville-marie)
218730	chef(fe) de section - soutien aux employes et qualite de vie au travail sim
214730	chef(fe) de division - service a la clientele (arrondissement)
105160	directeur(-trice) - infrastructures
107030	chef(fe) de service - ressources matérielles, technologiqueset informationnelles (spvm)
741810	comptable
106550	directeur(-trice) d arrondissement delegue(e) ville-marie
401150	profil - 401130 - dorsale
401170	profil - 401160 - frontale
106750	directeur(-trice)-projets speciaux, soutien general et service a la clientele
211130	chef(fe) de division - relations de presse
611570	electrotechnicien(ne) - stationnement montreal
751350	agent(e) technique de laboratoire en physique - mecanique
105670	directeur(-trice) - rel.travail negociateur(-trice) en chef
206360	chef(fe) de section - infrastructure et operations informatiques (arr. st-laurent)
221050	chef(fe) de section - gestion de l energie et centre immotique
223780	chef(fe) de section - service administratif ssi
104890	directeur(-trice) d arrondissement adjoint(e) et responsable de l administration v-marie
223790	chef(fe) de division - affaires publiques et mesures d urgence
212290	chef(fe) de section - soutien aux instances
106370	directeur(-trice) - communications spvm
221240	chef(fe) de section - planification operationnelle
216390	chef(fe) de section - vannes du reseau primaire d aqueduc
214480	chef(fe) de division - etudes techniques en arrondissement
208620	contremaitre(-tresse) - aqueduc et egouts (arrondissement)
213610	contremaitre(-tresse) - installation et depannage en eclairage et signalisation (rpp)
451010	candidat(e) à la profession d ingénieur(e) cpi
752810	dessinateur(-trice)
720550	technicien(ne) en ressources humaines
501390	cadet policier
304410	conseiller(-ere) en planification budgetaire
731810	operateur(-trice) d equipement de saisie des donnees
700820	agent(e) principal(e) - cour municipale
720860	charge de l insp. du cadre bati et du dom. prive et publ.
720740	chargé(e) du nettoyage des graffitis
400600	vérificateur(-trice) principal(e)
401480	analyste ti
222950	chef(fe) de division - relations avec les partenaires
757810	aide-technique de laboratoire
762860	aide-animateur(-trice) grade 2 - loisirs communautaires
215700	c/d pratiques et contrôles
219760	chef(fe) de division - conseil et soutien financiers
451090	ingenieur(e) - chef de groupe
400200	ingenieur(e) (avant le 07-12-1994) cum
703170	surveillant(e) - arena - lasalle
400410	evaluateur(-trice) regional(e)
789420	prepose(e) a la patrouille canine
103530	directeur(-trice)-amenag.urbain et serv. entreprises (arr.)
900670	stagiaire professionnel 60 a 89 credits
721540	dessinateur(-trice) technique
602960	technicien(ne) en soins animaliers et plongeur(-euse)
105500	directeur(-trice)-developpement du territoire et etudes techniques
611470	chargé - service de bar
105900	directeur(-trice) de service - developpement economique
720430	moniteur(-trice) d activites jeunesse
211750	chef(fe) de division - culture et bibliotheque en arrondissement
209390	chef(fe) de division - ressources financieres, materielles et informationnelles (arrond.)
222250	chef(fe) de section - grands projets de mobilite urbaine
713310	prepose(e) a l animation - cum
700030	aide-technique
222260	chef(fe) de division - gestion de portefeuille et administration
222530	chef(fe) de division - gestion immobiliere en arrondissement
900280	etudiant(e) programme gouvernemental - secondaire
209830	chef(fe) de division - ateliers mecaniques
769830	assistant(e) entomologiste
753820	surveillant(e) de travaux de batiment
105820	directeur(-trice)  - planification et mise en valeur du territoire
700620	conseiller(-ere) administratif(-ive) aupres des organismes benevoles
751310	agent(e) technique de laboratoire en chimie
215450	chef(fe) de division - greffe et greffier(-iere) de la cour municipale
106610	directeur(-trice)-projets du service de l eau
206280	chef(fe) de section - centre sportif et installations
215670	c/d planification et operations (gest mat residuelles)
106400	directeur(-trice) - technologie, architecture, innovation et securite
602270	prepose(e) a l assignation des conducteurs - (voie publique)
400750	conseiller(-ere) - expérience utilisateur
215480	chef(fe) de division - service a la clientele               entele
603010	operateur(-trice) equipement, electro-mecanique - jardin botanique et insectarium
221420	chef(fe) de section - gestion animaliere
712070	agent(e) ii - paie - st-leonard
103560	directeur(trice) - cult.,sp., lois. dev. soc. (< 60 000)
218010	chef(fe) de division - expertise et soutien (realisation des travaux - tp)
221640	chef(fe) de section - centre d appels
216580	chef(fe) de division - inspections et enquetes (bureau taxi de montreal)
222880	chef(fe) de division - developpement economique
106100	directeur(-trice)-solutions numeriques - web
223490	chef(fe) de division transactions immobilières
221490	chef(fe) de division - soutien developpement culturel
208990	greffier adj.
712230	agent(e) technique en cartographie et dessin - st-leonard
600770	ouvrier(-iere) des eaux de l assainissementt
203710	chef(fe) de section - usine de filtration (arr. lachine)
715750	coordonnateur(-trice) de gymnase - pierrefonds
213040	c/s ress.matérielles <<arr.>60000>>
401540	profil-401000-liaisons,interventions et gouvernance ti
223760	chef(fe) de bureau - office de consultation publique de montreal
122210	president(e) de la commission de la fonction publique de montreal
105790	directeur(-trice) adjoint(e) au(a la) directeur(-trice) general(e)
106320	directeur(-trice) transition ecologique et resilience
106870	directeur(-trice) de service - stratégie immobilière
217510	chef(fe) de division ingénierie et procédés (eau)
106630	directeur(-trice)-entretien de l eclairage, signalisation et marquage
223460	chef(fe) de section - gestion des données   projets
715300	technicien(ne) en amenagement du territoire - pierrefonds
218050	chef(fe) de module - centre de redaction de rapports d evenements spvm
102770	c/d informatique (arr.<60000)
103510	directeur(-trice)-cult. sp. lois. dev.soc. arrondissements
217920	chef(fe) de division - grands projets
221250	chef(fe) de section - gestion des vehicules
220680	charge(e) de formation et de perfectionnement (spvm)
211480	conseiller(-ere) en ressources humaines
218960	responsable des intercepteurs (eaux usees)
213470	contremaître(-tresse) - horticulture et parcs (en arr.)
713670	technicien(ne)-formateur(-trice) (tresorerie) - cum
792840	prepose(e) au soutien administratif
732540	analyste des methodes   procedes administratifs
762410	prepose(e) a l accueil,  aux droits d entree   aux boutiques
789310	agent(e) technique en ingenierie municipale
782930	agent(e) du cadre bâti
700560	surveillant(e) d installations - chef(fe) d equipe
400500	bibliothecaire
400620	contrôleur(-euse) de projet
345210	conseiller(-ere) en gestion des ressources financieres
451080	ingenieur(e) - c/e
433820	conseiller(-ere) en systemes de gestion
220770	chef(fe) de division - soutien et processus (affaires juridiques)
781650	inspecteur(-trice) en eaux et assainissement
305110	commissaire - developpement economique
607890	operateur(-trice)
611480	electrotechnicien(ne) industriel(le)
700370	animateur(-trice) specialise(e) - loisirs socio-culturels
700520	sauveteur(-euse)
217420	chef(fe) de division - operations (eau)
209380	chef(fe) de division - ressources financieres et materielles (arrondissement)
744420	prepose(e) au budget
700790	instructeur(-trice) responsable de piscines
601720	plombier(-iere)
222170	chef(fe) de section - accompagnement territoriale
401190	administrateur(-trice) reseaux de telecommunications
611110	peintre debosseleur(-euse)
721410	infographiste
105740	directeur(-trice) de service - infrastructures du reseau routier et transports
600540	surveillant(e) de serres
600190	"chauffeur(-euse) de vehicules motorises classe ""c"""
400460	conseiller(-ere) en securite de l information
219440	chef(fe) de division - circulation, occupation domaine public (v-marie et cdn-ndg)
721310	etudiant(e) col blanc - dec specialise annee 2
400990	ingenieur(e) forestier(-iere)
106420	directeur(-trice)-amenagement parcs et espaces publics
702910	prepose(e)- tennis - lasalle
221330	chef(fe) de division - strategie et conseil, communications
103520	directeur(trice) - trav. pub. en arr. (arr. - 60 000)
1001	conseiller(-ère)
705180	instructeur(-trice) principal(e) de natation - verdun
721490	parrainage professionnel niveau secondaire/professionnel
713230	inspecteur(-trice) en environnement
602950	prepose(e) au service - collections vivantes
713120	dactyloscopiste - cum
221460	chef(fe) de section - communications spvm
103130	directeur general associe - concertation avec arr.          rondissements
219920	chef(fe) de division - environnement et protection du territoire st-laurent
469810	entomologiste
223120	chef(fe) de division - intégrité et services externes
602260	animalier(-iere)
400140	chimiste (avant le 1-12-1994) cum
705320	prepose(e) au vestiaire piscine - verdun
221740	chef(fe) de division - gestion immobiliere exploitation a contrat
501550	cadet policier circulation
217380	chef(fe) de section - evaluation commerciale
411810	conseiller(-ere) aux normes
218670	adj. dir. espace pour la vie et c/d ressources humaines
204400	regisseur(-euse) des sports (arr.outremont)
207590	chef(fe) de section - évolution m-iris
721800	videaste
105330	dir adjoint et responsable administration espace vie
801950	prepose(e) au stationnement - stle
216360	chef(fe) de section - mesure de la consommation d eau
213450	c/m voirie,parcs   esp.verts <<arr.<60000>>
601540	platrier(-iere)
302460	chef(fe) de division - facturation
601040	poseur(-euse) de revetements souples
722020	chef(fe) d equipe service a la clientele - mobilite
106960	directeur(-trice) - transactions immobilieres
106120	directeur(-trice)-centre d expertise-espace de travail
105630	dir. associé portefeuille de projets d envergure
103660	directeur(-trice)  - traitement des eaux usees
222610	chef(fe) de division - centre de securite civile
222810	chef(fe) de section - planification strategique et affaires corporatives
223270	chef(fe) de section - station nouveau depart
219750	c/d communications corporatives
207830	chef(fe) de section - programme d aide aux policiers et policieres
105910	inspecteur(-trice) general(e) de la ville de montreal
609340	briqueteur(-euse) finisseur(-euse) - arrondissement
216300	c/d usines de l ouest
400630	conseiller(-ere) artistique - communications corporatives
106650	directeur(-trice)-financement, placements et tresorerie
713390	prepose(e) a la perception des revenus - parcs natures - cum
221190	directeur(-trice) - operations (bureau du taxi de montreal)
801090	prepose(e) aux spectacles - stle
700700	agent(e) de developpement d activites culturelles physiques  et sportivess
455810	architecte paysagiste
762880	instructeur(-trice) de natation grade 2
711460	prepose(e) a la gestion des contrats
255710	c/m  - horticult.   parcs
600120	agent(e) de securite - telecommunications
222970	chef(fe) de section - mandats et rapports du citoyen
713510	analyste en materiel roulant
721140	agent(e) - travaux publics et ingénierie
220630	chef(fe) de division - solutions d affaires - systemes corporatifs
602070	electrotechnicien(ne)
219660	c/s projets du legs et bureau du cesm
305170	commissaire adjoint(e) - developpement economique
214200	chef(fe) de section - travaux deneigement (arrondissement)
700800	inspecteur(trice) principal(e) des batiments
703180	surveillant(e) d ecoles - lasalle
395920	concepteur(-trice) realisateur(-trice) programme de formation
400970	charge(e) de projets principal(e) ti
401530	profil-401490-géomatique
601860	électrotechnicien(ne) - espace pour la vie
305210	conseiller(-ere) economique
700360	animateur(-trice) en loisirs - grade 1
400440	charge(e) de communication - responsable d activités
457720	chimiste
755820	botaniste
721790	agent(e) support aux utilisateurs(-trices)
721990	prepose(e) au centre de communication avec la clientele
763820	aide-bibliothecaire principal(e)
731450	agent(e) au centre de services aux clients-informatique
795860	typomonteur(-euse)
301420	charge(e) du protocole   de l accueil
218060	superviseur(e) - 311 interventions rapides et prioritaires
400640	conseiller(-ere) en communications corporatives
106040	directeur(-trice)-jardin botanique
212230	contremaitre(-tresse) - electricite (mtln/stle)
754310	agent(e) technique en enfouissement sanitaire
711410	specialiste - atelier adultes - st-laurent
762920	moniteur(-trice) specialise(e) - sports
220500	chef(fe) de division - performance ti et sourcing
602090	outilleur(-euse)
712450	inspecteur(-trice) classe iii - st-leonard
611330	charge(e) de la restauration
715050	insp. batiment permis const. - pier
106060	directeur(-trice) de l insectarium
900640	stagiaire cadre 60 a 89 credits
105520	directeur(-trice)-cinema, festivals et evenements
223540	chef(fe) de section - analyses immobilières
219140	chef(fe) de division - gestion des contrats, inventaires et factures
215820	chef(fe) de division - mecanique de batiments et eclairage de rue
763870	bibliotechnicien(ne) principal(e) - pre-catalogage - bibliotheque
218610	c/d évaluation et transactions immobilieres
401520	profil-401480-géomatique
221720	chef(fe) de section - intervention
223190	chef(fe) de division - developpement urbain
211760	c/d cult.  biblio.<<arr.<60000>>
720830	coordonnateur(-trice) de boutiques
718260	special baseball iii - stlau
711280	responsable - plateaux sportifs - st-laurent
215500	chef(fe) de section - comptoirs points de service
602860	prep. au proc.   au pompage-usine de filtration   de pompage
222440	chef(fe) de section - etudes techniques
200670	c/m  des metiers
104310	directeur(-trice)-bibliotheques
218860	chef(fe) de section - soutien a l audience
212760	chef(fe) de division - gestion des grands parcs
223520	chef(fe) de section - évaluation immobilière
216150	c/s développement et projets spéciaux en     environnement
751400	programmeur(-euse) analyste en performance
106890	directeur(-trice) - gestion des actifs
106880	directeur(-trice) - projets majeurs
105770	dir. principal affaires institutionnelles
222650	chef(fe) de projet - equipe enquete covid
218260	adjoint au dp (anciennement adjoint au dga)
106830	directeur(-trice) - strategie, performance et donnees
222150	chef(fe) de section - analyse du renseignement (spvm)
222360	chef(fe) - verification et evaluation (spvm)
401510	profil-401490-connectivité
401560	conseiller(-ere) en marketing
218530	chef(fe) exploitation - usines production de l eau potable
722030	chef(fe) d equipe - surveillance du stationnement et de la mobilite
218170	c/d gestion des tranports
401500	profil-401480-connectivité
500040	capitaine prepose(e) a l entretien
106460	directeur(-trice) - mise en valeur des poles economiques
222110	chef(fe) de division - memoire des montrealais(es) (mem)
209260	chef(fe) de division - gestion, comptabilisation et controle des caisses de retraite
221630	chef(fe) de division - proprete
221090	chef de division soutien technique et opérationnel
209010	chef(fe) de division - sante et mieux-etre
219680	chef(fe) de division - partenaires d affaires des ressources humaines
792830	agent(e) de bureau principal(e)
732900	technicien(ne) juridique
720310	chargé(e) de rédaction et de diffusion
602110	electrotechnicien(ne) - electronique telecommunicationsns
302240	conseiller(-ere) en planification
214690	superviseur(e) - installations des parcs et des centres sportifs et recréatifs (arr.)
723460	agent(e) comptable analyste
784420	agent(e) de stationnement
601420	operateur(-trice) d appareils motorises a
106050	directeur(-trice) du biodome
392430	conseiller(-ere) en finances
207090	c/sec régional_evaluation fonciere
221000	chef(fe) de section - saisie et enregistrement
602230	prepose(e) a l entretien de l equipement de perception et a la cueillette des parcometres
602330	electricien(ne) en controle electrique electronique - v.c.r.
602770	operateur(-trice) d equipement electromecaniqueeubles
752350	agent(e) technique en electronique
793840	graphiste
752300	agent(e) technique en  photogrammetrie
721340	technicien(ne)- analyste audio et video judiciaire
721280	etudiant(e) col blanc - des general
720410	sauveteur(-euse) - chef(fe) d equipe
607940	pourvoyeur(-euse) installation - station epuration
220110	chef(fe) de division - prévention et gestion intégrée des risques
106110	directeur(-trice) - centre d expertise - plateformes et infrastructures
453750	arpenteur(-euse) geometre - c/e
103500	directeur(-trice) - services administratifs (arr.)
723450	charge(e) de medias
213650	contremaître(-tresse) - électricité aux usines de production des eaux (eau)
211040	c/d gest.énergie env.  expertises
215750	contremaitre(-tresse) - systemes de securite et transmission des donnees
221170	chef(fe) de division - partenaires d affaires en communication
602020	electronicien(ne)-sonorisation et eclairage
105290	directeur(-trice) de service - diversite et inclusion sociale
600000	prepose(e) au reseau de captage du biogaz
220750	responsable de secteur-formation systemes appliques(spvm)
706580	animateur(-trice) activites ludiques - anjou
219740	chef(fe) de division - strategies immobilieres
600440	aide jardinier(-iere)
103980	directeur(-trice) de service - finances et tresorier
106090	directeur(-trice) solutions d affaires
218100	chef(fe) de division - parcs, espaces verts et environnement (arr. st-laurent)
721880	préposé(e) aux matières résiduelles
215410	chef(fe) de section - securite
713810	repartiteur(-trice) du materiel roulant
700260	enqueteur(-euse) en matiere frauduleuse - chef(fe) d equipe
401230	profil -401200- reseautique
220740	chef(fe) de section - environnement et parcs
720510	moniteur(-trice) hote - verdun
709360	inspecteur(-trice) a l environnement - mtl-nord
221300	chef(fe) de division - coordination, planification et logistique
222420	chef(fe) de section - audit des immeubles municipaux
216070	chef(fe) de division - controle des rejets et suivi environnemental
105570	directeur(-trice) tp ing et amenag urbain (ile bizard)
401640	chargé(e) de programmes ti
602280	peintre aspergeur(-euse) - batiments municipaux
221730	chef(fe) de section - planification
218420	chef(fe) de section - inspections arrondissement
220130	chef(fe) de section - gestion de projets - reddition de comptes
219400	surintendant(e) - etudes et conception des travaux - collecteurs et bassins
222890	chef(fe) de section - soutien aux operations economiques
221910	chef(fe) de division - soutien technique et operationnel
401460	profil - 401160 - géomatique principal
203690	chef(fe) de section - arts de la scene (arr. lachine)
216190	chef(fe) de section - entretien mecanique (arr. montreal-nord)
104540	directeur(-trice)-adjoint(e)-sécurité incendie
223830	chef(fe) de section - verification des factures et demande de paiement
221940	chef(fe) de division - gestion de projets et services administratifs
793410	prepose(e) a l atelier satellite de reproduction
401090	profil - 401000 - methodologies de livraison de projets
223730	chef(fe) de section - consultation citoyenne et relations avec la communauté (ville-marie)
220690	chef(fe) de division - soutien aux projets et programmes
223690	chef(fe) de division - relations avec les citoyens et développement économique
219420	c/s centre de service 311 arr. lasalle
212400	chef(fe) de section - securite et regie
220650	charge(e) - assurance qualite et methodes professionnelles
218900	c/d plans d investissement
213600	c/m propreté   travaux <<arr.>>
721750	inspecteur(-trice) du cadre bati
700860	agent(e) de service à la clientèle
781680	inspecteur(-trice) du domaine public
345220	conseiller(-ere) en gestion - finances
219070	chef(fe) de section - controle des materiaux (laboratoire tp)
742330	technicien(ne) en gestion de documents et archives
601480	elagueur(-euse)
607860	mecanicien(ne) machines fixes - 2e classe
407510	procureur(e)
601230	technicien(ne) en soins animaliers
710510	agent(e) de protection en environnement
721460	prepose(e) aux renseignements policiers et surveillance policiere
721960	technicien(ne) en evaluation fonciere - grade 1
215860	chef(fe) de section - approvisionnement strategique en biens
700660	technicien(ne) en gestion budgetaire
207410	chef(fe) de division - bureau des reclamations - contentieux
755330	agent(e) technique en environnement
213480	contremaitre(-tresse) - metiers
344210	conseiller(-ere) budgetaire
222660	chef(fe) de division - intelligence d affaires et geomatique
700040	charge(e) de comptes - communication visuelle
601280	mecanicien(ne) serrurier(-iere)
218250	chef(fe) de division - relations avec les citoyens et greffe
603000	soudeur(-euse)-assembleur(-euse) de machineries lourdes - forge
218520	chef(fe) de section - conception et realisation des projets d ingenierie
216290	contremaitre(-tresse)-collections vivantes-vegetaux
483320	architecte - c/e
220520	chef(fe) de division - bureau de projet et soutien aux opérations
715650	instructeur(-trice) badminton - anjou
105450	directeur(-trice) de service-technologies de l information
203520	responsable temps et soutien rh
223020	chef(fe) de division - systèmes et projets
216430	chef(fe) de section - conduites principales alimentation eau potable compteurs
715640	receptionniste - perception
602300	menuisier(-iere) - atelier de fabrication
713280	patrouilleur(-euse) de stationnements - parcs regionaux - cum
218510	chef(fe) de section - gestion du materiel roulant en arrondissement
217430	chef(fe) d atelier - electricite (eau)
604640	metallier(-iere)-soudeur(-euse)
403820	analyste en gestion de documents   archives
302470	chef(fe) de section - revenus
216540	contremaitre(-tresse) de supervision-installations et equipements
801130	responsable de secteur - stle
106980	directeur(-trice) salubrité et programmes
402040	microbiologiste
706730	commis etudiant - anjo
707150	responsable - terrains, arbitres et marqueurs(-euses) - anjou
706590	animateur culturel - anjo
221500	chef(fe) de section - centre de services ti
221590	chef(fe) de division - intelligence economique
200630	c/m - proprete   trav.
204330	coordonnateur(-trice) - circulation et stationnement outremont et plateau mont-royal
602160	travailleur(-euse) de metal en feuilles
401180	profil - 401160 - dorsale
221230	chef(fe) de division - approche client
220380	agent(e) conseil - sante et securite au travail
218640	gerant(e) - logistique et inventaires
106070	directeur(-trice)-partenaires affaires ressources humaines
712810	agent(e) specialise(e) - uniformes et equipements
469610	medecin veterinaire
219810	chef(fe) de division - planification et soutien aux operations (materiel roulant ateliers)
104710	assistant(e)-directeur(-trice) - sim
219130	c/d gestion de projets et relations d affaires
220870	chef de section-centre expertises,systemes,domaines affaires
106150	directeur(-trice) - exploitation   experience client
221270	chef(fe) de section - consentement municipal
218380	chef(fe) de division - expertise technique et environnement
301730	coordonnateur(-trice) - securite publique
214890	chef(fe) de section - soutien a la magistrature
222770	chef(fe) de section - innovation, recherche et information (service de l eau)
213560	c/m trav.généraux <<arr.>>
102170	chef(fe) de division commerciale - evaluation fonciere
600850	prepose(e) au service - installations sportives
611460	cuisinier(-iere)
500120	capitaine enqueteur(-euse)
206700	adj.c/s armurerie et approvisionnement spvm
216050	c/s programmes volet social
106340	directeur(-trice) - sports et activite physique
216040	c/d avantages sociaux
222670	chef(fe) de section - ingénierie de procédés et laboratoires
106820	directeur(-trice) de service - planification strategique et performance organisationnelle
223000	chef(fe) de section - redaction et mesures d urgence
400610	conseiller(-ere) principal(e) contrôle de la qualité
220160	chef(fe) de section - evenements et pratiques sportives
209080	c/d recours   arbitrages
106000	directeur(-trice) - developpement du territoire et travaux publics
220660	chef de division - developpement culturel
